Best_Model,Selected_Threshold,Accuracy,Precision,Recall,F1_Score,ROC_AUC
Logistic Regression,0.55,0.7622427253371186,0.5371428571428571,0.7540106951871658,0.6273637374860956,0.8421039034849775
